iden;cilindrada;potencia;combustible;revoluciones;cilindros;longitud;ancho;altura;maletero;peso;plazas;velocidad;poca_aceleracion;traccion;consumo;coste/Km;precio;marca
'ALFA ROMEO-Alfa 164 2.0 TS';1962;148;Gasolina;5800;4;455;176;140;504;1200;5;210;9.2;Delantera;12.1;17.5;3120;ALFA ROMEO
'ALFA ROMEO-Alfa 164 2.5 TD';2500;117;Diesel;4200;4;455;176;140;504;1320;5;200;10.8;Delantera;7.6;9.6;3967;ALFA ROMEO
'ALFA ROMEO-Alfa 164 3.0 V-6 QV';2959;200;Gasolina;5800;6;455;176;140;504;1430;5;237;7.7;Delantera;11.3;16.8;5562;ALFA ROMEO
'ALFA ROMEO-Alfa 164 3.0 V6';2959;184;Gasolina;5600;6;455;176;140;504;1300;5;230;7.9;Delantera;12.3;17.7;4800;ALFA ROMEO
'ALFA ROMEO-Alfa 33 1.3';1351;88;Gasolina;6000;4;407;161;135;400;940;5;176;10.3;Delantera;8.2;13.2;1587;ALFA ROMEO
'ALFA ROMEO-Alfa 33 1.5 IE';1490;98;Gasolina;6000;4;407;161;135;400;970;5;181;10.2;Delantera;8.6;13.5;1698;ALFA ROMEO
'ALFA ROMEO-Alfa 33 1.7 IE';1712;110;Gasolina;5800;4;407;161;135;400;970;5;190;9.4;Delantera;8.9;13.8;1882;ALFA ROMEO
'ALFA ROMEO-Alfa 33 16v';1712;137;Gasolina;6500;4;407;161;135;400;1000;5;208;8.2;Delantera;9;14;2182;ALFA ROMEO
'ALFA ROMEO-Alfa 75 1.6 IE';1570;107;Gasolina;6000;4;433;163;140;500;1090;5;180;11.3;Trasera;7.9;13.7;1992;ALFA ROMEO
'ALFA ROMEO-Alfa 75 1.8 IE';1779;122;Gasolina;5500;4;433;163;140;500;1100;5;190;10.4;Trasera;8.9;14.7;2212;ALFA ROMEO
'ALFA ROMEO-Alfa 75 1.8 Turbo Am‚rica';1779;155;Gasolina;5800;4;442;166;140;380;1240;5;210;7.6;Trasera;8.1;15.4;2957;ALFA ROMEO
'ALFA ROMEO-Alfa 75 2.0 TD';1995;95;Diesel;4300;4;433;163;140;500;1220;5;175;12.4;Trasera;8.5;10.1;2502;ALFA ROMEO
'ALFA ROMEO-Alfa 75 2.0 Twin Spark';1962;148;Gasolina;5800;4;433;166;140;500;1160;5;205;8.2;Trasera;8.6;15.8;2607;ALFA ROMEO
'ALFA ROMEO-Alfa 75 2.4 TD';2393;112;Diesel;4200;4;433;166;140;500;1260;5;185;11.7;Trasera;7.4;10.2;2782;ALFA ROMEO
'ALFA ROMEO-Alfa 75 3.0 V6 Q';2959;192;Gasolina;6000;6;442;166;140;380;1300;5;222;7.5;Trasera;11.9;18.7;3719;ALFA ROMEO
'AUDI-100 CD';2309;133;Gasolina;5500;5;479;178;143;510;1370;5;202;10.2;Delantera;10.5;16.1;3535;AUDI
'AUDI-200 Turbo';2226;200;Gasolina;5800;5;479;181;142;570;1330;5;231;7.6;Delantera;12.6;17.6;5835;AUDI
'AUDI-200 Turbo Quattro';2226;200;Gasolina;5800;5;479;181;142;570;1300;5;231;7.5;4x4;12.6;17.6;6590;AUDI
'AUDI-80 1.8 E';1781;112;Gasolina;5800;4;439;169;139;453;1050;5;195;10.9;Delantera;9.1;14.8;2738;AUDI
'AUDI-80 TD';1588;80;Diesel;4500;4;439;169;139;453;1090;5;174;14.6;Delantera;6.8;9.8;2821;AUDI
'AUDI-90 2.0 20v Front';1994;160;Gasolina;6200;5;439;169;139;453;1200;5;215;9;Delantera;10;15.7;4162;AUDI
'AUDI-90 2.0 20v Quattro';1994;160;Gasolina;6200;5;439;169;138;373;1280;5;215;8.9;4x4;11;16.8;4718;AUDI
'AUDI-90 2.2 E';2226;136;Gasolina;5700;5;439;169;139;453;1170;5;206;9.2;Delantera;10.1;15.8;3046;AUDI
'AUDI-90 2.2 Quattro';2226;136;Gasolina;5700;5;439;169;139;453;1170;5;206;9.2;4x4;10.1;15.8;4040;AUDI
'AUDI-90 2.3 20v';2309;170;Gasolina;6000;5;439;169;139;453;1200;5;220;8.6;Delantera;11.3;16.8;4308;AUDI
'AUDI-90 2.3 20v Quattro';2309;170;Gasolina;6000;5;439;169;139;373;1320;5;220;8.4;4x4;11.3;16.8;4865;AUDI
'AUDI-90 2.3 E';2309;136;Gasolina;5500;5;439;169;139;453;1170;5;206;9.2;Delantera;10;15.7;3439;AUDI
'AUDI-90 2.3 Quattro';2309;136;Gasolina;5500;5;439;169;139;453;1280;5;206;9.2;4x4;10;15.7;4180;AUDI
'AUDI-Coup‚ 2.0 20v Front';1994;160;Gasolina;6200;5;436;172;137;300;1200;5;215;9;Delantera;11;16.8;4441;AUDI
'AUDI-Coup‚ 2.0 20v Quattro';1994;160;Gasolina;6200;5;436;172;137;255;1320;5;215;8.9;4x4;11;16.8;4998;AUDI
'AUDI-Coup‚ 2.2 E';2226;136;Gasolina;5700;5;436;172;137;300;1170;5;206;9.2;Delantera;11.2;16.7;3841;AUDI
'AUDI-Coup‚ 2.2 Quattro';2226;136;Gasolina;5700;5;436;172;137;300;1170;5;206;9.2;4x4;10.7;16.3;4578;AUDI
'AUDI-Coup‚ 2.3 20v';2309;170;Gasolina;6000;5;436;172;137;300;1200;5;220;8.6;Delantera;11.3;16.8;4626;AUDI
'AUDI-Coup‚ 2.3 20v Quattro';2309;170;Gasolina;6000;5;436;172;137;255;1320;5;220;8.4;4x4;11.3;16.8;5186;AUDI
'AUDI-Coup‚ 2.3 E';2309;136;Gasolina;5500;5;436;172;137;300;1170;5;206;9.2;Delantera;10;15.7;4044;AUDI
'AUDI-Coup‚ 2.3 Quattro';2309;136;Gasolina;5500;5;436;172;137;300;1280;5;206;9.2;4x4;10;15.7;4784;AUDI
'AUDI-V-8';3562;250;Gasolina;5800;8;486;181;142;570;1710;5;235;9.2;4x4;14;20.6;9760;AUDI
'BENTLEY-Continental';6750;226;Gasolina;4300;8;520;183;152;380;2430;5;208;10;Trasera;17.6;24.1;34173;BENTLEY
'BENTLEY-Eight';6750;226;Gasolina;4300;8;527;188;148;550;2350;5;204;10;Trasera;17.6;23.7;18066;BENTLEY
'BENTLEY-Mulsanne S';6750;218;Gasolina;4300;8;527;188;148;550;2350;5;204;10;Trasera;17.6;23.7;21110;BENTLEY
'BENTLEY-Turbo R';6750;335;Gasolina;4500;8;527;188;148;550;2410;5;217;7;Trasera;16.1;22;25003;BENTLEY
'BERTONE-Freeclimber';2443;116;Diesel;4800;6;414;165;188;464;1580;5;170;13.9;4x4;15;14.2;3633;BERTONE
'BMW-316i';1596;102;Gasolina;5500;4;432;164;138;425;1085;5;182;12.2;Trasera;9.6;14.2;2374;BMW
'BMW-318i';1796;113;Gasolina;5500;4;443;170;139;435;1145;5;198;11.3;Trasera;10.1;15.7;2959;BMW
'BMW-318i S';1796;136;Gasolina;6000;4;432;164;138;425;1085;5;202;9.9;Trasera;8.5;14.3;2774;BMW
'BMW-320i';1990;129;Gasolina;6000;6;432;164;138;425;1125;5;198;10.2;Trasera;9.3;15;3009;BMW
'BMW-320i Cabriolet';1990;129;Gasolina;6000;6;432;164;137;312;1280;4;195;11;Trasera;9.3;15;4454;BMW
'BMW-324 TD Touring';2443;115;Diesel;4800;6;432;164;138;370;1300;5;187;12.3;Trasera;7;9.9;4445;BMW
'BMW-325i 4p';2494;192;Gasolina;5900;6;443;170;139;435;1295;5;233;7.9;Trasera;11.8;18.4;4279;BMW
'BMW-325i Cabriolet';2494;170;Gasolina;5800;6;432;164;137;312;1310;4;217;9;Trasera;11.5;18.1;5214;BMW
'BMW-325iX';2494;170;Gasolina;5800;6;432;166;140;404;1300;5;214;9;4x4;11.7;18.3;4949;BMW
'BMW-520i';1991;150;Gasolina;5900;6;472;175;141;460;1425;5;211;10.6;Trasera;9.8;15.5;4019;BMW
'BMW-524 TD';2443;115;Diesel;4800;6;472;175;141;460;1480;5;192;12.9;Trasera;7;9.9;4399;BMW
'BMW-525i';2494;192;Gasolina;5900;6;472;175;141;460;1475;5;230;8.6;Trasera;9;15;5144;BMW
'BMW-535i';3430;211;Gasolina;5700;6;472;175;141;460;1525;5;235;7.7;Trasera;14.5;19.6;6139;BMW
'BMW-730i';2986;188;Gasolina;5800;6;491;184;141;500;1600;5;222;9.3;Trasera;15;20.5;6259;BMW
'BMW-735i';3430;211;Gasolina;5700;6;491;184;141;500;1600;5;230;8.3;Trasera;15;21;7829;BMW
'BMW-750i';4988;300;Gasolina;5200;12;491;184;140;500;1800;5;250;7.4;Trasera;15;21.4;10479;BMW
'BMW-850i';4988;300;Gasolina;5200;12;478;185;134;300;1790;5;250;6.8;Trasera;15.5;21.9;12529;BMW
'BMW-M3';2302;215;Gasolina;6750;4;434;168;137;420;1200;4;235;6.7;Trasera;10.6;17.5;6979;BMW
'BMW-M3 Cabrio';2302;215;Gasolina;6750;4;434;168;137;303;1360;4;235;6.7;Trasera;10.6;17.5;9829;BMW
'BMW-M3 Sport Evolucion';2467;238;Gasolina;7000;4;434;168;137;420;1200;4;248;6.5;Trasera;10.1;16;8429;BMW
'BMW-M5';3535;315;Gasolina;6900;6;472;175;139;460;1670;4;250;6.3;Trasera;16.8;23;9829;BMW
'BMW-Z-1';2494;170;Gasolina;5800;6;392;169;127;260;1250;2;225;7.9;Trasera;10.4;17.1;8529;BMW
'CADILLAC-Allant‚';4467;203;Gasolina;4400;8;453;186;132;460;1585;2;210;8.5;Delantera;11.7;22.3;11700;CADILLAC
'CADILLAC-Eldorado Aut.';4467;183;Gasolina;4400;8;486;182;136;400;1550;5;200;9.9;Delantera;14.3;19.5;8150;CADILLAC
'CADILLAC-Seville Aut.';4467;183;Gasolina;4400;8;484;180;136;400;1575;5;200;9.9;Delantera;14.3;19.5;8300;CADILLAC
'CITROEN-AX 11';1124;55;Gasolina;5800;4;349;155;135;273;645;5;161;12.9;Delantera;6.3;10.8;1074;CITROEN
'CITROEN-AX 14';1360;70;Gasolina;5600;4;349;155;135;273;695;5;170;10.8;Delantera;6.8;11.2;1225;CITROEN
'CITROEN-AX 14 D';1360;53;Diesel;5000;4;349;155;135;273;710;5;155;14.3;Delantera;4.7;6.9;1297;CITROEN
'CITROEN-AX GT';1360;85;Gasolina;6400;4;349;160;134;273;720;5;180;9.3;Delantera;7.3;11.8;1369;CITROEN
'CITROEN-BX 14 TE';1360;72;Gasolina;5600;4;424;168;136;445;900;5;167;13.1;Delantera;8.1;12.9;1533;CITROEN
'CITROEN-BX 16 TS';1580;94;Gasolina;6000;4;424;168;136;445;940;5;176;12.7;Delantera;8;12.6;1668;CITROEN
'CITROEN-BX 19 GTI';1905;125;Gasolina;5500;4;424;168;136;445;1025;5;200;8.9;Delantera;9.7;15;2242;CITROEN
'CITROEN-BX 19 GTI 16v';1905;160;Gasolina;6500;4;425;168;135;445;1070;5;218;7.9;Delantera;9.9;15.6;3105;CITROEN
'CITROEN-BX 19 TD';1905;71;Diesel;4600;4;424;168;136;445;990;5;165;13.8;Delantera;7.2;9.3;1971;CITROEN
'CITROEN-BX 19 TGD Break';1905;71;Diesel;4600;4;440;168;142;510;1035;7;165;13.8;Delantera;7.2;9.5;2350;CITROEN
'CITROEN-BX 19 TGS';1905;105;Gasolina;5600;4;424;168;136;445;995;5;185;10;Delantera;8;13.2;1930;CITROEN
'CITROEN-BX 19 TZS Break';1905;105;Gasolina;5600;4;440;168;142;510;1045;7;182;10.4;Delantera;8;13.2;2415;CITROEN
'CITROEN-BX 4x4';1905;107;Gasolina;6000;4;424;168;136;445;990;5;183;10.7;4x4;9.7;15;2611;CITROEN
'CITROEN-BX TD';1769;60;Diesel;4600;4;424;168;136;445;990;5;155;17.2;Delantera;6.8;9;1814;CITROEN
'CITROEN-BX TZD Turbo';1769;90;Diesel;4300;4;424;168;136;445;1025;5;180;10.8;Delantera;7.7;9.4;2620;CITROEN
'CITROEN-XM 2.0 I Grand Luxe';1998;130;Gasolina;5600;4;470;179;138;455;1310;5;205;11.5;Delantera;8.6;15.6;3937;CITROEN
'CITROEN-XM Diesel';2138;83;Diesel;4600;4;470;179;139;455;1305;5;176;15.5;Delantera;7.7;9.8;3363;CITROEN
'CITROEN-XM Turbo Diesel';2088;110;Diesel;4300;4;470;179;139;455;1380;5;192;11.1;Delantera;8;11.5;4133;CITROEN
'CITROEN-XM V6 24 Exclusive';2975;200;Gasolina;6000;6;470;179;139;455;1475;5;235;8;Delantera;11.4;17.9;5832;CITROEN
'CITROEN-XM V6 I';2975;170;Gasolina;5600;6;470;179;139;455;1420;5;222;9.7;Delantera;13.9;19.8;4886;CITROEN
'CITROEN-ZX 1.4';1360;75;Gasolina;5800;4;407;169;140;324;945;5;172;11.9;Delantera;8.1;12.9;1546;CITROEN
'CITROEN-ZX 1.6';1580;90;Gasolina;6400;4;407;169;140;343;995;5;181;11.8;Delantera;8;12.5;1646;CITROEN
'CITROEN-ZX Volcane 1.9';1905;130;Gasolina;6000;4;408;171;137;324;1055;5;205;8.3;Delantera;8.2;13.4;2146;CITROEN
'FERRARI-348';3405;300;Gasolina;7200;8;423;189;117;200;1393;2;275;5.6;Trasera;9.9;16.9;16951;FERRARI
'FERRARI-F-40';2936;478;Gasolina;7000;8;443;198;113;0;1100;2;324;4.9;Trasera;19.6;27.4;50000;FERRARI
'FERRARI-Mondial T';3405;300;Gasolina;7200;8;453;181;123;300;1505;2;255;6.3;Trasera;11.9;18.9;16623;FERRARI
'FERRARI-Testarossa';4942;390;Gasolina;6300;12;448;197;113;0;1505;2;290;5.8;Trasera;18.4;24.4;29006;FERRARI
'FIAT-Croma 2.0 IE';1995;119;Gasolina;5250;4;452;176;143;500;1220;5;192;9.9;Delantera;8.6;14.1;2824;FIAT
'FIAT-Croma CHT';1995;100;Gasolina;5250;4;452;176;143;500;1210;5;183;11.7;Delantera;8.6;14.4;2439;FIAT
'FIAT-Croma Turbo DS 2.5';2445;118;Diesel;4100;4;452;176;143;500;1240;5;195;11;Delantera;7.8;10.3;3124;FIAT
'FIAT-Croma Turbo DS ID 2.0';1929;94;Diesel;4200;4;452;176;143;500;1240;5;180;12.5;Delantera;5.3;8.6;2743;FIAT
'FIAT-Croma ie Turbo';1995;158;Gasolina;5250;4;452;176;143;500;1260;5;215;7.7;Delantera;8.6;14.4;3759;FIAT
'FIAT-Panda 1000 S Fire';999;45;Gasolina;5000;4;341;149;142;270;715;5;140;16;Delantera;6.4;10.8;909;FIAT
'FIAT-Panda Sisley 4x4';999;50;Gasolina;5500;4;341;150;147;270;790;5;130;17.5;4x4;7.6;11.8;1169;FIAT
'FIAT-Tempra 1.4';1372;78;Gasolina;6000;4;435;169;144;500;1030;5;172;13.4;Delantera;7.8;11.8;1767;FIAT
'FIAT-Tempra 1.4 SW';1372;78;Gasolina;6000;4;447;169;150;500;1090;7;168;14;Delantera;7.8;11.8;1833;FIAT
'FIAT-Tempra 1.6';1581;86;Gasolina;5800;4;435;169;144;500;1035;5;177;12.3;Delantera;8;12.4;1932;FIAT
'FIAT-Tempra 1.8 SW IE';1756;110;Gasolina;6000;4;447;169;150;500;1200;7;185;11;Delantera;8.7;12.4;2297;FIAT
'FIAT-Tempra 1.8 ie SX';1756;110;Gasolina;6000;4;435;169;144;500;1140;5;190;10.9;Delantera;8.7;12.4;2115;FIAT
'FIAT-Tempra 1.9 D';1929;65;Diesel;4600;4;435;169;144;500;1130;5;162;18.9;Delantera;5.8;8.3;1931;FIAT
'FIAT-Tempra 1.9 SW D';1929;65;Diesel;4600;4;447;169;150;500;1190;7;157;17.4;Delantera;5.8;8.3;2144;FIAT
'FIAT-Tempra 1.9 SW TD SX';1929;92;Diesel;4100;4;447;169;150;500;1220;7;177;12.5;Delantera;6;8;2578;FIAT
'FIAT-Tempra 1.9 TD SX';1929;92;Diesel;4100;4;435;169;144;500;1160;5;178;12.1;Delantera;6;8;2397;FIAT
'FIAT-Tipo 1.4';1372;72;Gasolina;6000;4;396;170;144;350;945;5;161;13;Delantera;7.7;11.7;1620;FIAT
'FIAT-Tipo 1.6';1580;83;Gasolina;6000;4;396;170;144;350;970;5;172;12;Delantera;7.5;12.6;1773;FIAT
'FIAT-Tipo 1.8 ie DGT';1756;110;Gasolina;6000;4;396;170;144;350;1100;5;190;10.9;Delantera;8;13;1939;FIAT
'FIAT-Tipo 1.9 Turbo DGT';1929;92;Diesel;4100;4;396;170;144;350;1110;5;175;12;Delantera;5.8;8.1;2217;FIAT
'FIAT-Tipo 16v ie';1756;138;Gasolina;6250;4;396;170;143;350;1100;5;204;8.5;Delantera;9.2;14.5;2081;FIAT
'FIAT-Uno 45';999;45;Gasolina;5000;4;369;156;141;271;755;5;150;17;Delantera;6.4;10.7;1099;FIAT
'FIAT-Uno 60';1108;57;Gasolina;5500;4;369;156;141;271;790;5;155;13.9;Delantera;6.4;10.8;1148;FIAT
'FIAT-Uno 70';1372;72;Gasolina;6000;4;369;156;141;271;845;5;170;11.4;Delantera;7;11.4;1463;FIAT
'FIAT-Uno DS 1.7';1697;58;Diesel;4600;4;369;156;142;271;885;5;155;15.9;Delantera;5;7.2;1488;FIAT
'FIAT-Uno Turbo';1372;118;Gasolina;6000;4;369;156;141;271;925;5;204;7.7;Delantera;8.4;13.5;1889;FIAT
'FIAT-Uno Turbo Diesel';1367;72;Diesel;4800;4;369;156;141;271;925;5;168;12.4;Delantera;5.1;7.3;1525;FIAT
'FORD-Escort CLX 1.6';1596;90;Gasolina;5800;4;404;169;136;380;960;5;177;12.1;Delantera;8.6;12.4;1635;FORD
'FORD-Escort CLX 1.6 5p CAT';1596;105;Gasolina;6000;4;404;169;136;380;975;5;186;11;Delantera;8.6;13.4;1830;FORD
'FORD-Escort CLX 1.8 D 5p';1753;60;Diesel;4800;4;404;169;136;380;1025;5;152;18.9;Delantera;6.7;8.4;1635;FORD
'FORD-Escort Cabrio 1.6i 3p';1596;108;Gasolina;6000;4;404;169;137;380;940;5;186;11;Delantera;8.6;13.4;2375;FORD
'FORD-Escort Ghia 1.6';1596;90;Gasolina;5800;4;404;169;136;380;980;5;177;12.1;Delantera;8;12.4;1757;FORD
'FORD-Escort Ghia 1.8 D';1753;60;Diesel;4800;4;404;169;136;380;1035;5;152;18.9;Delantera;6.7;8.4;1757;FORD
'FORD-Escort Prima 1.3 5p';1299;63;Gasolina;5600;4;404;169;136;380;960;5;156;15.9;Delantera;9.4;13.5;1545;FORD
'FORD-Fiesta 1.8 D Especial';1753;60;Diesel;4800;4;374;160;132;250;870;5;152;16;Delantera;6.7;8.4;1437;FORD
'FORD-Fiesta CLX 1.1';1119;55;Gasolina;5200;4;374;160;132;250;785;5;149;16.3;Delantera;6.1;10;1211;FORD
'FORD-Fiesta CLX 1.4';1392;75;Gasolina;5600;4;374;160;132;250;815;5;165;12;Delantera;9.4;13.2;1388;FORD
'FORD-Fiesta S 1.6 3p';1596;90;Gasolina;5800;4;374;160;132;250;815;5;174;10.3;Delantera;8.6;13;1508;FORD
'FORD-Fiesta Turbo';1596;133;Gasolina;5500;4;380;163;133;250;920;5;205;8.2;Delantera;8.5;12.3;1982;FORD
'FORD-Fiesta XR2i 1.6';1596;110;Gasolina;6000;4;380;163;133;250;900;5;192;9.8;Delantera;10.8;14.3;1697;FORD
'FORD-Orion 1.6';1596;90;Gasolina;5800;4;423;169;136;490;995;5;177;12.1;Delantera;7.8;12.7;1671;FORD
'FORD-Orion 1.8 D';1753;60;Diesel;4800;4;423;169;136;490;1060;5;152;18.9;Delantera;6.7;8.4;1671;FORD
'FORD-Orion CLX 1.6 CAT';1596;105;Gasolina;6000;4;423;169;136;490;1010;5;186;11;Delantera;8;13;1866;FORD
'FORD-Orion Ghia 1.6i';1596;108;Gasolina;6000;4;423;169;136;490;1010;5;186;11.1;Delantera;7.9;12.7;1936;FORD
'FORD-Scorpio Cosworth 24v 4p';2935;195;Gasolina;5700;6;474;176;139;490;1385;5;225;8.8;Trasera;12.6;19.1;5512;FORD
'FORD-Scorpio GL 2.0i';1998;125;Gasolina;5500;4;474;176;139;490;1245;5;195;10.8;Trasera;9.8;15.4;3046;FORD
'FORD-Scorpio GL 2.5 TD';2498;92;Diesel;4150;4;474;176;139;490;1355;5;173;14.2;Trasera;8.1;10.3;3240;FORD
'FORD-Scorpio GL 2.9i CAT 4p';2935;145;Gasolina;5500;6;474;176;139;490;1245;5;204;9.2;Trasera;12.6;17.9;3443;FORD
'FORD-Scorpio Ghia 2.0i';1998;125;Gasolina;5500;4;474;176;139;490;1245;5;195;10.8;Trasera;9.8;15.4;3443;FORD
'FORD-Scorpio Ghia 2.9i 4x4 CAT';2935;145;Gasolina;5500;6;474;176;144;490;1375;5;201;9.7;4x4;12.6;18.2;4595;FORD
'FORD-Scorpio Ghia 2.9i CAT';2935;145;Gasolina;5500;6;474;176;139;490;1315;5;204;9.2;Trasera;12.6;17.9;3840;FORD
'FORD-Sierra CL 1.8 TD';1753;75;Diesel;4500;4;446;170;141;413;1180;5;160;16.4;Trasera;6.5;9.2;2190;FORD
'FORD-Sierra CL 2.0';1998;110;Gasolina;5600;4;446;170;141;413;1150;5;178;11.3;Trasera;8;13.4;1993;FORD
'FORD-Sierra Cosworth 4x4';1993;220;Gasolina;6250;4;442;169;141;413;1350;5;240;6.9;4x4;12.7;19.4;4355;FORD
'FORD-Sierra GL 2.0i Familiar';1998;125;Gasolina;5500;4;451;172;143;428;1190;7;195;9.7;Trasera;8;13.4;2362;FORD
'FORD-Sierra GLS 2.0i';1998;125;Gasolina;5500;4;446;170;141;413;1160;5;195;10.1;Trasera;7.9;13.2;2332;FORD
'FORD-Sierra XR 4x4 2.0i 5p';1998;125;Gasolina;5500;4;442;170;141;385;1245;5;191;10;4x4;8.5;14.6;3082;FORD
'FORD-Sierra XR4i 2.0';1998;125;Gasolina;5500;4;442;170;141;385;1145;5;195;10.1;Trasera;7.9;13.6;2332;FORD
'FSO-Polonez';1481;82;Gasolina;5200;4;427;165;142;410;1125;5;150;16;Trasera;9;14.5;1075;FSO
'HONDA-Accord 2.0i 16v';1997;135;Gasolina;5400;4;468;169;139;470;1245;5;202;9.2;Delantera;9.1;14.4;3578;HONDA
'HONDA-Civic 1.6i 16v';1590;130;Gasolina;6800;4;396;168;133;250;980;5;195;7.5;Delantera;8.1;13.5;2628;HONDA
'HONDA-Civic CRX 1.6i 16v';1590;130;Gasolina;6800;4;375;167;127;196;925;2;205;7.5;Delantera;7.2;12.7;2958;HONDA
'HONDA-Concerto SX 1.6i 16v';1590;130;Gasolina;6800;4;426;169;139;363;1100;5;195;7.5;Delantera;8.4;16.5;2761;HONDA
'HONDA-Prelude 2.0i 4WS';1958;150;Gasolina;6000;4;446;171;125;353;1170;2;209;8;Delantera;8.5;13.9;3978;HONDA
'INNCOCENTI-990 DSE';993;37;Diesel;4600;3;337;151;137;295;685;5;125;18.2;Delantera;5.7;8.7;1488;INNCOCENTI
'INNCOCENTI-990 SL';993;53;Gasolina;5750;3;337;152;137;295;700;5;145;16.2;Delantera;7.3;11.7;1200;INNCOCENTI
'INNCOCENTI-Turbo De Tomaso';993;72;Gasolina;5700;3;313;152;134;280;710;5;162;10.8;Delantera;8.9;13.4;1497;INNCOCENTI
'JAGUAR-Daimler 4.0 Aut';3980;223;Gasolina;4750;6;499;179;136;430;1825;5;222;8.6;Trasera;14.4;20.9;9649;JAGUAR
'JAGUAR-Daimler V12 Aut';5345;260;Gasolina;5250;12;496;177;137;390;1930;5;233;8.9;Trasera;16.9;23.1;9819;JAGUAR
'JAGUAR-Sovereign 3.2 Aut';3239;200;Gasolina;5250;6;499;179;138;430;1800;5;210;9.5;Trasera;12.7;19.4;7345;JAGUAR
'JAGUAR-Sovereign 4.0 Aut';3980;223;Gasolina;4750;6;499;179;138;430;1825;5;219;8.6;Trasera;14.4;20.9;8352;JAGUAR
'JAGUAR-Sovereign V12 Aut';5345;260;Gasolina;5250;12;496;177;137;390;1930;5;223;8.9;Trasera;17.5;23.6;8619;JAGUAR
'JAGUAR-XJ6 3.2';3239;200;Gasolina;5250;6;499;179;138;430;1800;5;211;8.5;Trasera;12.8;19.4;6464;JAGUAR
'JAGUAR-XJ6 4.0';3980;223;Gasolina;4750;6;499;179;138;430;1825;5;222;7.6;Trasera;12.9;19.6;7554;JAGUAR
'JAGUAR-XJR-S 6.0 L';5993;309;Gasolina;5250;12;476;179;126;400;1850;2;250;6.9;Trasera;17.3;23.2;11704;JAGUAR
'JAGUAR-XJS 3.6 Coup‚';3590;221;Gasolina;5000;6;476;179;126;400;1680;4;228;7.4;Trasera;13.4;20;7321;JAGUAR
'JAGUAR-XJS V12 Aut';5345;295;Gasolina;5500;12;476;179;126;400;1830;2;238;7.6;Trasera;16.6;22.8;9936;JAGUAR
'LADA-Niva';1588;78;Gasolina;5400;4;372;168;164;250;1150;4;130;23;4x4;11.5;16.1;1210;LADA
'LADA-Samara';1288;65;Gasolina;5600;4;400;165;140;330;950;5;152;14.5;Delantera;8.2;12.2;1037;LADA
'LADA-Samara 1.5';1452;75;Gasolina;5600;4;400;162;140;432;900;5;160;13;Delantera;7.7;11.7;1087;LADA
'LANCIA-Dedra 1.6 ie';1591;90;Gasolina;5800;4;434;170;143;480;1060;5;180;12.1;Delantera;9.5;14.3;2038;LANCIA
'LANCIA-Dedra 1.8 ie';1756;110;Gasolina;6000;4;434;170;143;480;1150;5;192;10;Delantera;10.1;14.3;2283;LANCIA
'LANCIA-Dedra 2.0 I.E Turbo';1995;165;Gasolina;5500;4;434;170;143;480;1230;5;215;8.3;Delantera;10.2;15.8;3370;LANCIA
'LANCIA-Dedra 2.0 Turbodiesel';1929;92;Diesel;4100;4;434;170;143;480;1200;5;180;12.3;Delantera;6.5;9.4;2513;LANCIA
'LANCIA-Dedra 2.0 ie';1995;120;Gasolina;5750;4;434;170;143;480;1170;5;200;9.6;Delantera;10.5;16.1;2580;LANCIA
'LANCIA-Dedra Integrale';1995;180;Gasolina;5500;4;434;170;143;405;1330;5;215;7.8;4x4;11.1;18;3950;LANCIA
'LANCIA-Delta 1.3';1301;78;Gasolina;5800;4;389;162;138;260;950;5;163;14.3;Delantera;7.2;12.3;1528;LANCIA
'LANCIA-Delta 1.6 ie';1585;108;Gasolina;5900;4;389;162;138;260;995;5;185;10;Delantera;9.1;14.8;1690;LANCIA
'LANCIA-Delta GT ie';1585;108;Gasolina;5900;4;389;162;138;260;995;5;185;10;Delantera;9.1;14.8;1775;LANCIA
'LANCIA-Delta HF Turbo ie';1585;140;Gasolina;5500;4;389;162;138;260;1020;5;203;8.7;Delantera;9.6;16.4;2165;LANCIA
'LANCIA-Delta Integrale 16v';1995;200;Gasolina;5500;4;390;169;136;200;1250;5;220;5.7;4x4;10.6;17.3;4202;LANCIA
'LANCIA-Thema 2.0 ie';1995;119;Gasolina;5250;4;459;175;143;550;1230;5;195;10.5;Delantera;8.5;14.3;3250;LANCIA
'LANCIA-Thema 2.0 ie 16v';1995;150;Gasolina;6000;4;459;175;143;550;1250;5;205;9.5;Delantera;8.9;14.7;3590;LANCIA
'LANCIA-Thema 2.0 ie Turbo 16v';1995;185;Gasolina;5500;4;459;175;143;550;1285;5;225;7;Delantera;9.4;15.1;4524;LANCIA
'LANCIA-Thema 8.32';2927;215;Gasolina;6750;8;459;175;143;550;1400;5;240;6.8;Delantera;9.4;15.1;7924;LANCIA
'LANCIA-Thema Turbodiesel';2499;118;Diesel;3900;4;459;175;143;550;1350;5;195;11;Delantera;9.4;15.1;3870;LANCIA
'LANCIA-Y-10 1.1';1108;57;Gasolina;5500;4;339;151;144;195;795;5;155;15.2;Delantera;6.1;10.3;1210;LANCIA
'LANCIA-Y-10 1.3 GT IE';1301;78;Gasolina;5750;4;339;151;144;195;885;5;175;12;Delantera;7.2;11.6;1388;LANCIA
'LANCIA-Y-10 Fire';998;45;Gasolina;5000;4;339;151;144;195;780;5;145;16;Delantera;6;10.8;1020;LANCIA
'LOTUS-Esprit Turbo';2174;228;Gasolina;7000;4;439;186;116;175;1282;2;249;5.2;Trasera;12.7;17.6;11751;LOTUS
'LOTUS-Esprit Turbo SE';2174;264;Gasolina;6500;4;434;186;116;175;1305;2;272;4.7;Trasera;13.8;20.1;12948;LOTUS
'MASERATI-222';1996;220;Gasolina;6250;6;415;171;125;400;1210;5;225;6.2;Trasera;11.7;18.5;5975;MASERATI
'MASERATI-222 SE';2790;250;Gasolina;5600;6;419;171;135;400;1305;5;240;6.2;Trasera;14.6;21;7259;MASERATI
'MASERATI-228 Coup‚';2790;250;Gasolina;5600;6;446;186;133;530;1240;5;235;5.6;Trasera;15;22;9718;MASERATI
'MASERATI-422';1996;220;Gasolina;6250;6;440;173;131;550;1175;5;225;6.2;Trasera;11.7;18.5;6994;MASERATI
'MASERATI-430';2790;250;Gasolina;5600;6;440;171;125;400;1280;5;240;5.7;Trasera;14.6;21.1;8495;MASERATI
'MASERATI-Karif';2790;250;Gasolina;5600;6;404;171;131;550;1280;2;240;5.7;Trasera;11.9;18.6;9306;MASERATI
'MASERATI-Spider E';2790;250;Gasolina;5600;6;404;171;130;400;1105;2;240;5.7;Trasera;11.7;18.5;8580;MASERATI
'MAZDA-323 4WD AA';1597;150;Gasolina;6000;4;399;164;139;315;1155;5;205;8.1;4x4;10.6;17.3;3511;MAZDA
'MAZDA-323 Coup‚';1840;140;Gasolina;6500;4;399;167;138;310;1035;5;200;8;Delantera;8.4;15.4;2859;MAZDA
'MAZDA-626';1998;148;Gasolina;6000;4;451;169;137;457;1160;5;210;8.2;Trasera;10;15.6;3785;MAZDA
'MAZDA-929 GLX 3.0 V6 AA';2954;190;Gasolina;5500;6;488;170;142;427;1460;5;220;7.6;Trasera;13;18.3;5874;MAZDA
'MAZDA-MX-5';1597;115;Gasolina;6500;4;395;167;123;0;955;2;185;10;Trasera;8.5;14.3;3285;MAZDA
'MAZDA-RX-7';2616;150;Gasolina;6500;2;429;169;126;104;1205;2;210;8;Trasera;10.3;16.1;5568;MAZDA
'MAZDA-RX-7 Turbo';2616;200;Gasolina;6500;2;431;169;126;104;1360;2;240;6.7;Trasera;11.9;17.6;6455;MAZDA
'MAZDA-RX-7 Turbo Cabrio';2616;200;Gasolina;6500;2;431;169;126;117;1420;2;230;6.7;Trasera;11.9;17.6;6954;MAZDA
'MERCEDES-190 D 2.5';2497;94;Diesel;4600;5;445;169;137;410;1230;5;174;15.1;Trasera;8.4;10.7;3956;MERCEDES
'MERCEDES-190 D 4v';1997;75;Diesel;4600;4;445;169;137;410;1180;5;160;18.6;Trasera;7.3;11.2;3362;MERCEDES
'MERCEDES-190 DT 2.5';2497;126;Diesel;5100;5;445;169;137;410;1300;5;195;11.5;Trasera;8;10.5;4431;MERCEDES
'MERCEDES-190 E 1.8';1797;109;Gasolina;5500;4;445;169;137;410;1160;5;185;12.7;Trasera;8.1;13.9;3019;MERCEDES
'MERCEDES-190 E 2.0';1996;118;Gasolina;5200;4;445;169;137;410;1170;5;190;10.9;Trasera;8.4;14.2;3885;MERCEDES
'MERCEDES-190 E 2.3';2298;132;Gasolina;5100;4;445;169;137;410;1200;5;197;10.6;Trasera;9.8;15.5;4144;MERCEDES
'MERCEDES-190 E 2.5 16v';2498;195;Gasolina;6750;4;443;171;136;385;1300;4;230;7.7;Trasera;10.8;17.5;7042;MERCEDES
'MERCEDES-190 E 2.6';2597;160;Gasolina;5800;6;445;169;137;410;1270;5;212;9.2;Trasera;11.5;18.1;4804;MERCEDES
'MERCEDES-200 TD';1997;75;Diesel;4600;4;476;174;149;520;1430;7;150;21.7;Trasera;7.6;10;4988;MERCEDES
'MERCEDES-200 TE';1996;118;Gasolina;5100;4;476;174;149;520;1440;7;180;12.9;Trasera;9.8;15.7;5125;MERCEDES
'MERCEDES-230 CE';2298;132;Gasolina;5100;4;465;174;139;480;1360;4;200;10.6;Trasera;10.3;15.9;5999;MERCEDES
'MERCEDES-230 TE 4v';2298;136;Gasolina;5100;4;476;174;149;530;1450;7;191;11.2;Trasera;9.8;15.5;5304;MERCEDES
'MERCEDES-250 D';2497;94;Diesel;4600;5;474;174;143;520;1370;5;175;16.5;Trasera;7.7;10.2;4729;MERCEDES
'MERCEDES-250 D Turbo';2497;125;Diesel;4600;5;474;174;143;520;1430;5;198;12.3;Trasera;7.7;10.5;5479;MERCEDES
'MERCEDES-250 TD';2497;94;Diesel;4600;5;476;174;149;520;1480;7;165;17.6;Trasera;7.7;10.2;5363;MERCEDES
'MERCEDES-260 E';2597;160;Gasolina;5800;6;474;174;144;520;1390;5;215;9;Trasera;11.9;17.6;5489;MERCEDES
'MERCEDES-260 E 4 Matic';2597;160;Gasolina;5800;6;474;174;145;520;1510;5;205;10.7;4x4;10.1;16;7075;MERCEDES
'MERCEDES-260 SE';2597;160;Gasolina;5800;6;502;182;144;505;1570;6;200;10.5;Trasera;11.9;17.6;6317;MERCEDES
'MERCEDES-300 CE';2960;180;Gasolina;5700;6;465;174;139;480;1400;4;225;8.1;Trasera;12.1;17.7;7079;MERCEDES
'MERCEDES-300 CE 24v';2960;220;Gasolina;6400;6;465;174;139;480;1470;4;237;8.1;Trasera;13.1;18.7;7979;MERCEDES
'MERCEDES-300 D';2996;113;Diesel;4600;6;474;174;143;520;1410;5;190;13.7;Trasera;8.6;11;5129;MERCEDES
'MERCEDES-300 D 4 Matic Aut.';2996;113;Diesel;4600;6;474;174;145;520;1530;5;178;16;4x4;8.6;11;6829;MERCEDES
'MERCEDES-300 D Turbo';2996;147;Diesel;4600;6;474;174;143;520;1470;5;202;10.9;Trasera;8.6;11;6229;MERCEDES
'MERCEDES-300 D Turbo 4 Matic Aut.';2996;147;Diesel;4600;6;474;174;145;520;1590;5;198;11.8;4x4;9.6;11.8;7557;MERCEDES
'MERCEDES-300 E';2960;180;Gasolina;5700;6;474;174;143;520;1390;5;225;8.1;Trasera;11.2;16.9;5929;MERCEDES
'MERCEDES-300 E 24v';2960;220;Gasolina;6400;6;474;174;145;520;1460;5;237;8.1;Trasera;13.1;18.6;6629;MERCEDES
'MERCEDES-300 E 4 Matic';2960;180;Gasolina;5700;6;474;174;145;520;1510;5;217;9.1;4x4;11.2;16.9;7579;MERCEDES
'MERCEDES-300 SE';2960;180;Gasolina;5700;6;502;182;143;505;1570;5;205;9.3;Trasera;14.5;19.4;6768;MERCEDES
'MERCEDES-300 SL';2960;190;Gasolina;5700;6;447;181;128;260;1650;2;228;9.3;Trasera;12.1;17.7;9816;MERCEDES
'MERCEDES-300 SL 24v';2960;231;Gasolina;6400;6;447;181;128;260;1690;2;249;8.4;Trasera;13.1;18.6;10868;MERCEDES
'MERCEDES-300 TD';2996;113;Diesel;4600;6;476;174;149;520;1520;7;180;14.6;Trasera;8.6;11.1;5764;MERCEDES
'MERCEDES-300 TD Turbo 4 Matic Aut.';2996;147;Diesel;4600;6;476;174;150;520;1690;7;188;12.8;4x4;9.6;11.8;8087;MERCEDES
'MERCEDES-300 TD Turbo Aut.';2996;147;Diesel;4600;6;476;174;149;520;1580;7;195;11.9;Trasera;9.6;11.8;6828;MERCEDES
'MERCEDES-300 TE';2960;180;Gasolina;5700;6;476;174;149;520;1500;7;212;8.4;Trasera;11.2;16.9;6519;MERCEDES
'MERCEDES-300 TE 24v';2960;220;Gasolina;6400;6;476;174;149;520;1590;7;225;8.3;Trasera;13.1;18.6;7225;MERCEDES
'MERCEDES-300 TE 4 Matic';2960;180;Gasolina;5700;6;476;174;150;520;1610;7;205;9.8;4x4;11.2;16.9;8083;MERCEDES
'MERCEDES-420 SE Aut.';4196;224;Gasolina;5400;8;502;182;143;505;1640;5;220;8.3;Trasera;14.2;20.3;8218;MERCEDES
'MERCEDES-420 SEC Aut.';4196;224;Gasolina;5400;8;493;183;141;505;1620;4;220;8.3;Trasera;13.2;19.8;10975;MERCEDES
'MERCEDES-500 SE Aut.';4973;252;Gasolina;5200;8;502;182;143;505;1670;5;230;7.5;Trasera;15.1;21;8875;MERCEDES
'MERCEDES-500 SEC Aut.';4973;252;Gasolina;5200;8;493;183;141;505;1650;4;230;7.5;Trasera;11.4;18.3;11636;MERCEDES
'MERCEDES-500 SL Aut.';4973;326;Gasolina;5500;8;447;181;128;260;1770;2;250;6.2;Trasera;14.2;20.7;13702;MERCEDES
'MERCEDES-560 SE Aut.';5547;279;Gasolina;5200;8;502;182;143;505;1800;5;240;7.2;Trasera;15.1;21.3;13083;MERCEDES
'MERCEDES-560 SEC Aut.';5547;279;Gasolina;5200;8;493;183;141;505;1760;4;240;7.2;Trasera;15.1;21.3;15146;MERCEDES
'MITSUBISHI-Galant 2.0 GTI 16v';1997;146;Gasolina;6500;4;454;169;142;420;1160;5;205;8.7;Delantera;9.8;11.4;3758;MITSUBISHI
'MORGAN-1600 Four';1598;96;Gasolina;5750;4;389;150;135;0;920;4;185;8;Trasera;8.5;15;6034;MORGAN
'MORGAN-Plus 8';3532;193;Gasolina;5280;8;396;160;122;140;940;2;197;7;Trasera;11.8;18.6;7412;MORGAN
'NISSAN-200 SX 1.8i Turbo 16v';1809;171;Gasolina;6400;4;453;169;129;0;1190;2;225;7.5;Trasera;10.5;17.2;4285;NISSAN
'NISSAN-300 ZX 3.0i Turbo';2960;228;Gasolina;5400;6;460;172;131;0;1475;2;235;7;Trasera;13.5;20;6285;NISSAN
'NISSAN-Bluebird 1.8 T';1809;135;Gasolina;6000;4;446;169;139;410;1215;5;195;9;Delantera;8.6;14.5;2535;NISSAN
'NISSAN-Bluebird 2.0 D 4p';1952;67;Diesel;4600;4;446;169;139;410;1255;5;150;17;Delantera;6.4;8.8;2155;NISSAN
'NISSAN-Bluebird SLX 1.6 4p';1598;84;Gasolina;5200;4;440;169;139;410;1130;5;165;12.4;Delantera;8;13.8;1695;NISSAN
'NISSAN-Bluebird SLX 2.0 4p';1973;102;Gasolina;5200;4;446;169;139;410;1175;5;180;10.4;Delantera;9.8;15.4;1985;NISSAN
'NISSAN-Bluebird SLX 2.0i AA 4p';1973;116;Gasolina;5200;4;446;169;139;410;1195;5;185;10;Delantera;10;15.8;2415;NISSAN
'NISSAN-Maxima 3.0i Aut.';2960;170;Gasolina;5600;6;478;176;140;0;1360;5;223;7.2;Delantera;13;20;4635;NISSAN
'NISSAN-Praire SLX 2.0 SW';1973;99;Gasolina;5600;4;436;169;163;430;1240;5;170;12.3;Delantera;9.8;15.4;3139;NISSAN
'NISSAN-Primera 1.6';1597;95;Gasolina;6000;4;440;170;140;470;1085;5;185;10.4;Delantera;7.7;13.1;2081;NISSAN
'NISSAN-Primera 2.0 E GT';1998;150;Gasolina;6400;4;440;170;140;470;1190;5;220;8.4;Delantera;8.5;14.1;3383;NISSAN
'NISSAN-Primera 2.0i SLX';1998;121;Gasolina;6000;4;440;170;140;470;1160;5;200;9.9;Delantera;8.5;14.1;2320;NISSAN
'NISSAN-Sunny GTI';1998;143;Gasolina;6400;4;414;169;139;431;1140;5;210;8.2;Delantera;8.7;14.5;2810;NISSAN
'NISSAN-Sunny SLX 1.6';1597;95;Gasolina;6000;4;414;167;139;431;1020;5;180;10.4;Delantera;8;13.7;2070;NISSAN
'OPEL-Calibra 2.0i';1998;115;Gasolina;5200;4;449;169;132;420;1170;5;205;10;Delantera;8.2;15.4;2973;OPEL
'OPEL-Calibra 2.0i 16v';1998;150;Gasolina;6000;4;449;169;132;420;1195;5;223;8.5;Delantera;8.9;16;3530;OPEL
'OPEL-Calibra 2.0i 16v 4x4';1998;150;Gasolina;6000;4;449;169;132;420;1280;5;215;9.5;4x4;9.2;16.3;3993;OPEL
'OPEL-Corsa 1.0';993;45;Gasolina;5400;4;365;153;136;225;760;5;143;19.5;Delantera;7.6;11.8;1066;OPEL
'OPEL-Corsa GL 1.2';1196;52;Gasolina;5800;4;365;153;136;225;760;5;150;16.5;Delantera;7.9;12.2;1348;OPEL
'OPEL-Corsa GL 1.4';1389;75;Gasolina;5600;4;365;153;136;225;760;5;168;12;Delantera;7.9;12.2;1402;OPEL
'OPEL-Corsa GSI 1.6';1598;100;Gasolina;5600;4;365;153;136;225;865;5;188;9.5;Delantera;8;12.6;1683;OPEL
'OPEL-Corsa Swing 1.5 D';1488;50;Diesel;4800;4;365;153;136;225;835;5;151;17.5;Delantera;5.1;7.2;1345;OPEL
'OPEL-Corsa Swing 1.5 TD';1488;67;Diesel;4600;4;365;153;136;225;850;5;166;13;Delantera;5.2;7;1464;OPEL
'OPEL-Kadett 1.4';1389;75;Gasolina;5600;4;400;166;140;390;875;5;170;13;Delantera;7.9;12.3;1559;OPEL
'OPEL-Kadett 1.6';1598;82;Gasolina;5400;4;400;166;140;390;905;5;175;12;Delantera;8.2;12.8;1638;OPEL
'OPEL-Kadett 1.7 D';1700;57;Diesel;4600;4;400;166;140;390;950;5;153;18;Delantera;5.9;8;1698;OPEL
'OPEL-Kadett 1.8i';1796;112;Gasolina;5600;4;400;166;140;390;957;5;195;9.3;Delantera;8.6;13.9;1900;OPEL
'OPEL-Kadett Cabrio 1.6 EL II';1598;82;Gasolina;5400;4;400;166;138;290;975;5;172;13;Delantera;8.2;12.8;2308;OPEL
'OPEL-Kadett Cabrio GSI EL II';1998;115;Gasolina;5400;4;400;166;138;290;1030;5;195;10;Delantera;9.1;14.4;2615;OPEL
'OPEL-Kadett GSI 16v 2.0i';1998;150;Gasolina;6000;4;400;166;140;390;965;5;217;8;Delantera;9.5;15.2;2505;OPEL
'OPEL-Kadett GSI 2.0i';1998;130;Gasolina;5600;4;400;166;140;390;985;5;206;8.5;Delantera;9.1;14.1;2215;OPEL
'OPEL-Omega 2.0i';1998;122;Gasolina;5400;4;469;177;144;520;1278;5;200;10;Trasera;9.2;15;2905;OPEL
'OPEL-Omega 2.3 TD';2260;100;Diesel;4200;4;469;177;144;520;1335;5;180;14;Trasera;9.6;11.5;3221;OPEL
'OPEL-Omega 3000 3.Oi 24v';2969;204;Gasolina;6000;6;468;177;144;520;1430;5;240;7.6;Trasera;11.7;18.3;4889;OPEL
'OPEL-Omega CD 2.6i';2594;150;Gasolina;5600;6;469;177;144;520;1520;5;215;10.6;Trasera;11.1;16.6;3610;OPEL
'OPEL-Omega Caravan 2.0i';1998;122;Gasolina;5400;4;473;177;148;540;1275;7;190;11;Trasera;9.2;14.7;3000;OPEL
'OPEL-Omega Caravan 2.3 TD';2260;100;Diesel;4200;4;473;177;148;540;1375;7;176;15;Trasera;9.6;11.5;3316;OPEL
'OPEL-Omega Caravan 3.0i';2969;177;Gasolina;5800;6;473;177;148;540;1464;7;218;8.7;Trasera;10.2;15.9;3949;OPEL
'OPEL-Senator  3.0i';2969;177;Gasolina;5600;6;484;176;145;530;1475;5;225;9;Trasera;11.8;18.6;4462;OPEL
'OPEL-Senator CD 3.0i 24v';2969;204;Gasolina;6000;6;484;176;145;530;1519;5;240;7.9;Trasera;11.7;18.3;5432;OPEL
'OPEL-Vectra 2000 2.0i 16v';1998;150;Gasolina;6000;4;443;170;140;530;1184;5;217;8.5;Delantera;10;15.7;3429;OPEL
'OPEL-Vectra 2000 4x4 2.0i 16v';1998;150;Gasolina;6000;4;435;169;140;365;1265;5;208;10.4;4x4;10;15.7;3891;OPEL
'OPEL-Vectra 4x4 2.0i';1998;129;Gasolina;5600;4;435;169;140;365;1210;5;197;10.5;4x4;8.5;14.3;3133;OPEL
'OPEL-Vectra CD 2.0i';1998;115;Gasolina;5200;4;435;170;140;460;1137;5;196;10.5;Delantera;8.5;14.1;2777;OPEL
'OPEL-Vectra GL 1.6';1598;82;Gasolina;5400;4;435;170;140;460;1005;5;178;13.5;Delantera;7.8;12.7;2063;OPEL
'OPEL-Vectra GL 1.7 D';1700;57;Diesel;4600;4;435;170;140;460;1070;5;152;20;Delantera;6;8.7;2212;OPEL
'OPEL-Vectra GL 2.0i';1998;115;Gasolina;5200;4;435;170;140;460;1005;5;198;10.5;Delantera;8.5;14.1;2286;OPEL
'OPEL-Vectra GT 2.0i';1998;129;Gasolina;5600;4;435;170;140;460;1125;5;206;9.5;Delantera;8.5;14.3;2675;OPEL
'PANTHER-Kallista 2.9i';2933;150;Gasolina;5500;6;389;169;127;0;1040;2;195;7.2;Trasera;10;14;5060;PANTHER
'PEUGEOT-205 1.100';1124;55;Gasolina;5800;4;370;157;137;290;765;5;157;14.6;Delantera;7;11.8;1080;PEUGEOT
'PEUGEOT-205 1.7 Diesel';1769;60;Diesel;4600;4;370;157;135;290;880;5;155;15.1;Delantera;6.6;8.7;1445;PEUGEOT
'PEUGEOT-205 CJ Cabrio';1360;70;Gasolina;5600;4;370;157;138;215;850;5;162;12.3;Delantera;7.8;12.5;2073;PEUGEOT
'PEUGEOT-205 CTI Cabrio';1580;115;Gasolina;6250;4;370;157;138;215;935;5;190;9.7;Delantera;8;13.4;2794;PEUGEOT
'PEUGEOT-205 GR';1204;63;Gasolina;6000;4;370;157;137;290;790;5;159;14.5;Delantera;8.2;12.4;1330;PEUGEOT
'PEUGEOT-205 GT';1360;85;Gasolina;6400;4;370;157;137;290;820;5;178;10.9;Delantera;8.9;14.2;1559;PEUGEOT
'PEUGEOT-205 GTI';1905;130;Gasolina;6000;4;370;157;135;290;870;5;206;7.8;Delantera;9;14.3;1968;PEUGEOT
'PEUGEOT-205 GTX';1592;94;Gasolina;5700;4;370;157;137;290;850;5;181;10.6;Delantera;9.3;13.7;1635;PEUGEOT
'PEUGEOT-205 Rallye';1294;103;Gasolina;6800;4;370;157;137;290;790;5;190;9.6;Delantera;8.5;13.3;1517;PEUGEOT
'PEUGEOT-205 Turbo Diesel';1769;78;Diesel;4300;4;370;156;137;290;925;5;175;12.4;Delantera;6;8.3;1799;PEUGEOT
'PEUGEOT-205 Winner Diesel';1769;60;Diesel;4600;4;370;157;137;290;880;5;155;15.1;Delantera;6.6;8.7;1381;PEUGEOT
'PEUGEOT-205 XS';1294;65;Gasolina;5500;4;370;157;137;290;790;5;161;13.8;Delantera;8.2;12.4;1271;PEUGEOT
'PEUGEOT-309 Aut.';1580;80;Gasolina;5600;4;405;162;138;397;910;5;165;17.1;Delantera;9.1;14.6;2002;PEUGEOT
'PEUGEOT-309 GL';1294;65;Gasolina;5600;4;405;162;138;397;870;5;165;13.6;Delantera;8.2;12.2;1524;PEUGEOT
'PEUGEOT-309 GLD';1905;65;Diesel;4600;4;405;162;138;397;950;5;160;16.8;Delantera;6.4;8.7;1688;PEUGEOT
'PEUGEOT-309 GR';1442;83;Gasolina;5600;4;405;162;138;397;890;5;170;12.3;Delantera;8.3;12.4;1634;PEUGEOT
'PEUGEOT-309 GT';1905;105;Gasolina;5600;4;405;162;138;397;930;5;190;10.4;Delantera;8.3;12.9;2005;PEUGEOT
'PEUGEOT-309 GTI';1905;130;Gasolina;6000;4;405;162;138;397;930;5;206;8;Delantera;9.1;14.1;2238;PEUGEOT
'PEUGEOT-309 GTI 16v 3p';1905;160;Gasolina;6500;4;405;162;138;397;975;5;220;7.8;Delantera;9.8;15.5;2462;PEUGEOT
'PEUGEOT-309 SR';1592;94;Gasolina;5700;4;405;162;138;397;890;5;180;10.5;Delantera;8.8;13.3;1856;PEUGEOT
'PEUGEOT-309 SRD Turbo';1769;78;Diesel;4300;4;405;162;138;397;975;5;175;13;Delantera;6.4;9.6;2200;PEUGEOT
'PEUGEOT-405 GL';1580;92;Gasolina;6000;4;441;171;141;470;1020;5;177;11.6;Delantera;9;14.3;1943;PEUGEOT
'PEUGEOT-405 GLD';1905;70;Diesel;4600;4;441;171;141;470;1080;5;165;16.4;Delantera;5.8;8.5;2268;PEUGEOT
'PEUGEOT-405 GR';1905;110;Gasolina;6000;4;441;171;141;470;1020;5;190;10.2;Delantera;8.9;14.2;2277;PEUGEOT
'PEUGEOT-405 GR Break';1905;110;Gasolina;6000;4;441;171;141;600;1120;7;180;10.7;Delantera;8.9;14.2;2365;PEUGEOT
'PEUGEOT-405 GRDT';1769;90;Diesel;4300;4;441;171;141;470;1080;5;180;12.2;Delantera;6.2;9.8;2572;PEUGEOT
'PEUGEOT-405 GRDT Break';1769;90;Diesel;4300;4;441;171;141;600;1120;7;175;12.2;Delantera;6.2;9.8;2661;PEUGEOT
'PEUGEOT-405 GRx4';1905;110;Gasolina;6000;4;441;171;141;470;1100;5;187;10.2;4x4;8.9;14.2;2909;PEUGEOT
'PEUGEOT-405 GTX';1905;125;Gasolina;5500;4;441;171;141;470;1040;5;200;9.7;Delantera;10.2;15.4;2836;PEUGEOT
'PEUGEOT-405 Mi-16';1905;160;Gasolina;6500;4;441;171;141;470;1140;5;220;8.6;Delantera;9.8;15.5;3455;PEUGEOT
'PEUGEOT-405 Mi16x4';1905;160;Gasolina;6500;4;441;171;141;470;1140;5;220;8.6;4x4;9;14.8;3955;PEUGEOT
'PEUGEOT-605 SRDT';2088;110;Diesel;4300;4;472;179;142;497;1430;5;192;11.6;Delantera;7.9;10.3;3708;PEUGEOT
'PEUGEOT-605 SRI';1998;130;Gasolina;5600;4;472;179;142;497;1325;5;203;10.3;Delantera;8.6;13.6;3193;PEUGEOT
'PEUGEOT-605 SV 24v';2975;200;Gasolina;6000;6;472;179;142;497;1460;5;235;8;Delantera;11;17.9;5678;PEUGEOT
'PEUGEOT-605 SV 3.0';2975;170;Gasolina;5600;6;472;179;142;497;1415;5;222;8.9;Delantera;10.8;16.4;4738;PEUGEOT
'PORSCHE-911 Carrera';3600;250;Gasolina;6100;6;425;165;132;90;1350;2;260;5.7;Trasera;11.3;18.1;11178;PORSCHE
'PORSCHE-911 Carrera 4x4';3600;250;Gasolina;6100;6;425;165;132;90;1450;2;260;5.7;4x4;11.3;18.2;13120;PORSCHE
'PORSCHE-928';4957;330;Gasolina;6200;8;452;183;128;200;1580;2;275;5.8;Trasera;15.7;22;14370;PORSCHE
'PORSCHE-944';2990;211;Gasolina;5800;4;423;173;127;250;1340;2;240;7.1;Trasera;12.4;18.9;7999;PORSCHE
'RENAULT-Alpine V6 Turbo';2458;200;Gasolina;5750;6;433;175;119;90;1210;2;250;7;Trasera;11.9;18.7;7900;RENAULT
'RENAULT-Clio 1.1';1108;49;Gasolina;5250;4;371;162;139;265;820;5;145;15;Delantera;6.1;10;1115;RENAULT
'RENAULT-Clio 1.2';1171;60;Gasolina;6000;4;371;162;139;265;835;5;155;15;Delantera;6.3;10.4;1195;RENAULT
'RENAULT-Clio 1.4';1390;80;Gasolina;5750;4;371;163;139;265;850;5;175;11.2;Delantera;8.7;13.5;1375;RENAULT
'RENAULT-Clio 1.7';1721;92;Gasolina;5750;4;371;163;139;265;915;5;185;9.9;Delantera;8.7;13.5;1560;RENAULT
'RENAULT-Clio 1.9 D';1870;65;Diesel;4500;4;371;163;139;265;905;5;161;14.8;Delantera;5.9;8.4;1335;RENAULT
'RENAULT-Clio 16v';1764;140;Gasolina;6500;4;371;163;139;265;975;5;212;7.7;Delantera;8.6;14.7;1742;RENAULT
'RENAULT-R-19 16v';1764;140;Gasolina;6500;4;416;169;141;386;1050;5;215;7.9;Delantera;8.6;14.7;2390;RENAULT
'RENAULT-R-19 Chamade 16v';1764;140;Gasolina;6500;4;426;169;141;463;1075;5;215;7.9;Delantera;8.6;14.7;2390;RENAULT
'RENAULT-R-19 Chamade GTD';1870;65;Diesel;4500;4;426;169;141;463;1005;5;161;15.7;Delantera;7.2;9.3;1725;RENAULT
'RENAULT-R-19 Chamade GTS';1390;80;Gasolina;5750;4;426;169;141;463;940;5;173;12.2;Delantera;7.6;12.7;1640;RENAULT
'RENAULT-R-19 Chamade TXE';1721;95;Gasolina;5250;4;426;169;141;463;990;5;185;10.7;Delantera;8.3;13.5;2068;RENAULT
'RENAULT-R-19 Chamade TXI';1721;107;Gasolina;5500;4;426;169;141;463;1015;5;190;9.8;Delantera;8.3;13.5;1970;RENAULT
'RENAULT-R-19 GTD';1870;65;Diesel;4500;4;416;169;141;386;1005;5;161;15.7;Delantera;7.2;9.3;1725;RENAULT
'RENAULT-R-19 GTS';1390;80;Gasolina;5750;4;416;169;141;386;940;5;173;12.2;Delantera;6.9;11.9;1640;RENAULT
'RENAULT-R-19 TXE';1721;92;Gasolina;5250;4;415;169;142;386;990;5;185;10.7;Delantera;8.3;13.5;2068;RENAULT
'RENAULT-R-19 TXI';1721;107;Gasolina;5500;4;416;169;141;386;1015;5;190;9.8;Delantera;8.8;13.3;1970;RENAULT
'RENAULT-R-21 GTD';2068;74;Diesel;4500;4;446;173;139;420;1125;5;170;12.5;Delantera;6.8;9.2;2325;RENAULT
'RENAULT-R-21 GTS';1721;92;Gasolina;5750;4;446;173;139;420;1025;5;185;10.7;Delantera;8.6;13.2;2160;RENAULT
'RENAULT-R-21 GTX';1995;120;Gasolina;5500;4;446;173;139;420;1135;5;200;9.7;Delantera;9.2;14.4;2310;RENAULT
'RENAULT-R-21 Nevada GTD';2068;74;Diesel;4500;4;469;173;143;674;1165;7;159;12.9;Delantera;8.7;10.5;2625;RENAULT
'RENAULT-R-21 Nevada GTS';1721;92;Gasolina;5750;4;469;173;143;674;1065;7;182;11.2;Delantera;8.3;12.9;2410;RENAULT
'RENAULT-R-21 Nevada TDX';2068;88;Diesel;4250;4;469;173;143;674;1215;7;172;12.1;Delantera;8;10;3050;RENAULT
'RENAULT-R-21 Nevada TXE';1995;120;Gasolina;5500;4;469;173;143;674;1180;7;193;10.5;Delantera;9.5;15.9;2775;RENAULT
'RENAULT-R-21 TXE';2165;110;Gasolina;5000;4;446;173;139;420;1135;5;192;10.6;Delantera;9.2;14.4;2790;RENAULT
'RENAULT-R-21 TXI';1995;140;Gasolina;6000;4;446;172;139;420;1155;5;210;9.2;Delantera;9.6;15.5;2860;RENAULT
'RENAULT-R-21 Turbo';1995;175;Gasolina;5200;4;451;172;138;490;1215;5;227;7.4;Delantera;11.2;16.6;3595;RENAULT
'RENAULT-R-21 Turbo DX';2068;88;Diesel;4250;4;446;173;138;420;1175;5;177;11.8;Delantera;8.5;10.4;2800;RENAULT
'RENAULT-R-21 Turbo Quadra';1995;175;Gasolina;5200;4;451;172;142;394;1345;5;222;7.9;4x4;11.2;16.6;4375;RENAULT
'RENAULT-R-25 TX';1995;120;Gasolina;5500;4;471;181;141;442;1180;5;195;10.7;Delantera;9.2;16;3160;RENAULT
'RENAULT-R-25 TXI';1995;140;Gasolina;6000;4;471;181;141;442;1270;5;207;9.5;Delantera;9.8;16.6;3860;RENAULT
'RENAULT-R-25 Turbo Diesel';2068;85;Diesel;4250;4;471;181;141;442;1250;5;172;13.1;Delantera;7.9;11.4;3485;RENAULT
'RENAULT-R-25 V6 I';2849;153;Gasolina;5400;6;471;181;141;442;1300;5;208;9.3;Delantera;11.8;18.9;4550;RENAULT
'RENAULT-R-25 V6 Turbo Baccara';2458;205;Gasolina;5500;6;471;181;141;442;1410;5;233;7.4;Delantera;12;18.8;6700;RENAULT
'RENAULT-R-4 GTL Clan';1108;40;Gasolina;4500;4;367;148;155;295;700;5;118;18.5;Delantera;6.7;10.5;945;RENAULT
'RENAULT-R-5 Baccara';1397;60;Gasolina;5250;4;359;158;140;233;775;5;166;12.6;Delantera;7.3;11.4;1710;RENAULT
'RENAULT-R-5 Baccara GTX';1721;90;Gasolina;5500;4;359;158;140;233;825;5;184;9.9;Delantera;7.9;12.5;1710;RENAULT
'RENAULT-R-5 Five';1108;49;Gasolina;5250;4;365;158;140;233;755;5;143;16;Delantera;7.4;11.1;1020;RENAULT
'RENAULT-R-5 GT Turbo 3p';1397;120;Gasolina;5750;4;365;158;140;233;865;5;202;9.7;Delantera;8.5;13.4;1785;RENAULT
'RENAULT-R-5 GTD Saga';1595;55;Diesel;4800;4;359;158;140;233;830;5;150;17.6;Delantera;6.7;8.8;1445;RENAULT
'RENAULT-R-5 GTL Saga';1397;60;Gasolina;5250;4;359;158;140;233;775;5;158;13.3;Delantera;7.3;11.4;1360;RENAULT
'ROLLS ROYCE-Corniche Convertible';6750;226;Gasolina;4300;8;520;183;152;380;2430;5;208;9.8;Trasera;17.8;23.9;34680;ROLLS ROYCE
'ROLLS ROYCE-Silver';6750;226;Gasolina;4300;8;527;188;148;550;2350;5;204;10;Trasera;17.5;23.6;22663;ROLLS ROYCE
'ROVER-111 L';1120;60;Gasolina;6000;4;352;156;138;230;820;5;155;14.9;Delantera;5.8;10.7;1199;ROVER
'ROVER-114';1396;76;Gasolina;5700;4;352;156;138;230;835;5;165;11.6;Delantera;6.3;11.2;1309;ROVER
'ROVER-114 GTI 16v';1396;95;Gasolina;6250;4;352;156;138;230;875;5;180;10.4;Delantera;6.5;11.5;1555;ROVER
'ROVER-214 16v';1396;95;Gasolina;6250;4;422;168;140;357;1065;5;174;13.9;Delantera;7.4;12.1;1957;ROVER
'ROVER-216 GSI 16v';1590;116;Gasolina;6300;4;422;168;140;357;1080;5;195;10.8;Delantera;8.6;14.2;2199;ROVER
'ROVER-820 SI';1196;140;Gasolina;6000;4;481;173;140;445;1350;5;202;9.8;Delantera;9.3;15.4;3495;ROVER
'ROVER-825 SD TD';2499;118;Diesel;4200;4;469;173;140;445;1950;5;190;10.6;Delantera;7;9.3;4075;ROVER
'ROVER-827 Sterling';2675;177;Gasolina;6000;6;469;173;140;445;1420;5;215;8.4;Delantera;10.4;9.3;4935;ROVER
'ROVER-MG 2.0i';1994;112;Gasolina;5500;4;405;168;142;365;1020;5;185;8.5;Delantera;9.8;15;2049;ROVER
'ROVER-Montego 1.6 SL';1598;83;Gasolina;5600;4;447;171;142;521;1180;5;165;11.2;Delantera;6.9;12;1695;ROVER
'ROVER-Montego 2.0 DSL Turbo';1994;81;Diesel;5500;4;447;171;142;521;1258;5;165;13.5;Delantera;5.1;8.1;2235;ROVER
'ROVER-Montego 2.0 GSI';1994;112;Gasolina;5500;4;447;171;142;521;1163;5;182;9.3;Delantera;8.7;14;2180;ROVER
'SAAB-9000i 16v';1985;135;Gasolina;6000;4;467;176;142;625;1325;5;190;10.5;Delantera;9.6;16.4;3713;SAAB
'SAAB-9000i 2.3 16v';2290;150;Gasolina;5500;4;467;176;142;625;1355;5;205;10.5;Delantera;8.9;15.8;3823;SAAB
'SAAB-9000i 2.3 Airflow';2990;220;Gasolina;5200;4;467;176;142;625;1470;5;230;8.9;Delantera;10.7;17.4;6323;SAAB
'SAAB-9000i 2.3 Turbo';2990;200;Gasolina;5000;4;467;176;142;625;1390;5;230;8;Delantera;10.7;17.4;4963;SAAB
'SAAB-9000i Turbo';1985;175;Gasolina;5300;4;467;181;142;625;1390;5;200;8.3;Delantera;10.3;17;4766;SAAB
'SAAB-900i 16v';1985;133;Gasolina;6000;4;469;169;142;600;1290;5;180;11.5;Delantera;9.6;15.2;3066;SAAB
'SAAB-900i 16v Turbo';1985;175;Gasolina;5300;4;469;169;142;600;1315;5;210;9.6;Delantera;9.3;16.2;4333;SAAB
'SAAB-CDI';1985;135;Gasolina;6000;4;478;176;142;675;1355;5;190;10.5;Delantera;9.6;16.4;3833;SAAB
'SAAB-CDI 2.3 16v';2290;150;Gasolina;5500;4;478;176;142;675;1355;5;205;10.5;Delantera;8.9;15.8;3943;SAAB
'SAAB-CDI 2.3 Turbo';2290;200;Gasolina;5000;4;478;176;142;675;1390;5;230;8;Delantera;10.7;17.4;5083;SAAB
'SAAB-CDI 2.3 Turbo Topline';2290;200;Gasolina;5200;4;478;176;142;675;1470;5;230;8;Delantera;10.7;17.4;7013;SAAB
'SAAB-CDI Turbo';1988;175;Gasolina;5300;4;478;176;142;675;1390;5;220;8.3;Delantera;10.7;17.4;4883;SAAB
'SEAT-Ibiza 1.2';1193;63;Gasolina;5800;4;368;161;139;320;910;5;155;16;Delantera;8.4;12.3;1405;SEAT
'SEAT-Ibiza 1.5';1461;90;Gasolina;6000;4;368;161;139;320;935;5;176;12.2;Delantera;9.2;13.7;1592;SEAT
'SEAT-Ibiza 1.7 D';1714;55;Diesel;4500;4;368;161;139;320;970;5;148;20.2;Delantera;7.3;9.2;1281;SEAT
'SEAT-Ibiza SXi';1461;100;Gasolina;5900;4;368;161;139;320;935;5;184;10.8;Delantera;8.4;13.4;1758;SEAT
'SEAT-Ibiza Special 0,9';903;44;Gasolina;5800;4;368;161;139;320;860;5;129;22;Delantera;7.3;11.3;1105;SEAT
'SEAT-Marbella';903;40;Gasolina;5400;4;347;150;144;262;680;5;130;20.3;Delantera;7;10.5;1013;SEAT
'SEAT-M laga GLX 1.2';1193;63;Gasolina;5800;4;427;165;140;510;975;5;150;18;Delantera;8.4;12.4;1350;SEAT
'SEAT-M laga GLX 1.5';1461;90;Gasolina;6000;4;427;165;140;510;975;5;170;13;Delantera;8.5;13;1537;SEAT
'SEAT-M laga GLX 1.7 D';1714;55;Diesel;4500;4;427;165;140;510;1015;5;141;21.9;Delantera;7.6;9.5;1487;SEAT
'SEAT-M laga Injection';1461;100;Gasolina;5900;4;427;165;140;510;975;5;174;11;Delantera;8.4;13;1717;SEAT
'SKODA-136 Favorit';1289;63;Gasolina;5000;4;381;162;141;240;840;5;150;14;Delantera;7.6;12.3;1267;SKODA
'SKODA-136 Rapid 3p';1289;64;Gasolina;5000;4;420;161;138;400;890;4;153;14;Trasera;7.2;12;1091;SKODA
'SUZUKI-Swift 1.3 GL';1298;71;Gasolina;6000;4;371;158;137;245;720;5;165;13.2;Delantera;5.6;10.1;1346;SUZUKI
'SUZUKI-Swift GTI';1298;101;Gasolina;6600;4;371;158;135;245;790;5;180;8;Delantera;7.2;12.7;1821;SUZUKI
'SUZUKI-Swift Sedan 1.6 GLX';1590;91;Gasolina;6000;4;407;160;138;363;840;5;182;8.5;Delantera;6.9;11.5;1621;SUZUKI
'SUZUKI-Swift Sedan 4x4';1590;91;Gasolina;6000;4;407;160;138;363;910;5;178;8.6;4x4;6.9;11.5;1871;SUZUKI
'TOYOTA-Camry';1998;128;Gasolina;5600;4;452;169;137;505;1150;5;195;9.4;Delantera;7.9;13;3041;TOYOTA
'TOYOTA-Celica 2.O GTI';1998;160;Gasolina;6600;4;442;170;130;319;1225;4;220;8.4;Delantera;9.8;15.5;4142;TOYOTA
'TOYOTA-Corolla 1.6 GL';1587;95;Gasolina;6000;4;421;165;136;270;1050;5;180;10.9;Delantera;8;12.5;2114;TOYOTA
'TOYOTA-MR-2';1587;124;Gasolina;6600;4;395;166;125;70;1010;2;195;8.1;Trasera;8.3;14.2;4223;TOYOTA
'TOYOTA-Supra';2954;204;Gasolina;6000;6;462;169;130;0;1490;4;230;7.8;Trasera;11.7;18.5;6466;TOYOTA
'VOLKSWAGEN-Corrado 16v';1781;136;Gasolina;6300;4;405;167;132;370;1100;5;213;9.1;Delantera;11.8;17.2;3600;VOLKSWAGEN
'VOLKSWAGEN-Corrado G60';1781;160;Gasolina;5600;4;405;167;132;370;1115;5;225;8.3;Delantera;9.6;15.3;4119;VOLKSWAGEN
'VOLKSWAGEN-Golf 1.6';1595;75;Gasolina;5000;4;398;166;141;410;930;5;167;12.7;Delantera;7.5;11.3;1675;VOLKSWAGEN
'VOLKSWAGEN-Golf 1.8';1781;90;Gasolina;5200;4;398;166;141;410;945;5;178;10.8;Delantera;8.8;14.1;1775;VOLKSWAGEN
'VOLKSWAGEN-Golf CLD';1588;54;Diesel;4800;4;398;166;141;410;935;5;148;18.7;Delantera;6.7;8.5;1741;VOLKSWAGEN
'VOLKSWAGEN-Golf Cabrio GL';1595;75;Gasolina;5000;4;389;164;141;280;960;5;154;13.5;Delantera;8;13.2;2125;VOLKSWAGEN
'VOLKSWAGEN-Golf Cabrio Quartett';1781;112;Gasolina;5800;4;389;164;141;280;995;5;173;10.1;Delantera;8.8;14.4;2432;VOLKSWAGEN
'VOLKSWAGEN-Golf GTD';1588;80;Diesel;4500;4;398;166;141;410;985;5;169;11.7;Delantera;6.9;9.3;2295;VOLKSWAGEN
'VOLKSWAGEN-Golf GTI';1781;112;Gasolina;5600;4;404;168;141;410;975;5;191;9.9;Delantera;8.6;14.2;1978;VOLKSWAGEN
'VOLKSWAGEN-Golf GTI 16v';1781;139;Gasolina;6100;4;404;168;141;410;1010;5;208;8.5;Delantera;9.6;15.1;2474;VOLKSWAGEN
'VOLKSWAGEN-Golf GTI G60';1781;160;Gasolina;5800;4;404;168;140;410;1105;5;216;8.3;Delantera;10.2;15.8;2657;VOLKSWAGEN
'VOLKSWAGEN-Golf Sincro';1781;90;Gasolina;5200;4;398;166;141;410;945;5;171;10.8;4x4;9.2;14.4;2715;VOLKSWAGEN
'VOLKSWAGEN-Golf Sprinter TD';1588;70;Diesel;4500;4;398;166;141;410;985;5;160;14.5;Delantera;6.7;8.7;1949;VOLKSWAGEN
'VOLKSWAGEN-Golf Stream';1272;55;Gasolina;5200;4;398;166;141;345;890;5;151;15.7;Delantera;7.4;11.7;1553;VOLKSWAGEN
'VOLKSWAGEN-Jetta CL 1.3';1272;55;Gasolina;5200;4;431;167;141;660;955;5;150;15.8;Delantera;7.4;11.7;1490;VOLKSWAGEN
'VOLKSWAGEN-Jetta CL 1.6';1595;75;Gasolina;5000;4;431;167;141;660;955;5;165;13;Delantera;7.5;12.2;1598;VOLKSWAGEN
'VOLKSWAGEN-Jetta CL 1.8';1781;90;Gasolina;5200;4;431;167;141;660;970;5;176;11.4;Delantera;8.8;13.9;1766;VOLKSWAGEN
'VOLKSWAGEN-Jetta CL TD 1.6';1588;70;Diesel;4500;4;431;167;141;660;1010;5;158;15;Delantera;6.7;8.7;1921;VOLKSWAGEN
'VOLKSWAGEN-Jetta CLD 1.6';1588;54;Diesel;4800;4;431;167;141;660;980;5;146;19.3;Delantera;6.7;8.5;1689;VOLKSWAGEN
'VOLKSWAGEN-Jetta GT 1.8';1781;112;Gasolina;5500;4;431;167;141;660;1000;5;189;10;Delantera;8.6;14.2;2295;VOLKSWAGEN
'VOLKSWAGEN-Passat CL 1.8';1781;90;Gasolina;5250;4;457;170;143;578;1130;5;177;13.9;Delantera;8.7;14;2239;VOLKSWAGEN
'VOLKSWAGEN-Passat CL TD 1.6';1588;80;Diesel;4500;4;457;170;143;578;1190;5;170;16;Delantera;8.5;10.4;2572;VOLKSWAGEN
'VOLKSWAGEN-Passat GL 2.0';1984;115;Gasolina;5200;4;457;170;143;578;1155;5;195;9.9;Delantera;9.3;15;2746;VOLKSWAGEN
'VOLKSWAGEN-Passat GT 16v';1781;136;Gasolina;6300;4;457;170;143;578;1200;5;206;10.1;Delantera;9.9;16.6;3186;VOLKSWAGEN
'VOLKSWAGEN-Passat GT Syncro G60';1781;160;Gasolina;5600;4;457;170;143;390;1320;5;215;9.6;4x4;10.3;15.9;3987;VOLKSWAGEN
'VOLKSWAGEN-Passat Variant CL 1.8';1781;90;Gasolina;5250;4;457;170;145;521;1155;7;172;14.2;Delantera;8;13.7;2459;VOLKSWAGEN
'VOLKSWAGEN-Passat Variant CL TD 1.6';1588;80;Diesel;4500;4;457;170;145;521;1215;7;164;16.1;Delantera;7.1;9.4;2791;VOLKSWAGEN
'VOLKSWAGEN-Passat Variant GL 2.0';1984;115;Gasolina;5200;4;457;170;145;521;1180;7;195;9.9;Delantera;9.3;15;2986;VOLKSWAGEN
'VOLKSWAGEN-Passat Variant GT 16v';1781;136;Gasolina;6300;4;457;170;145;521;1235;7;199;10.6;Delantera;9.9;16.6;3426;VOLKSWAGEN
'VOLKSWAGEN-Passat Variant GT Syncro G60';1781;160;Gasolina;5600;4;457;170;145;465;1345;7;210;9.8;4x4;10.3;15.9;4235;VOLKSWAGEN
'VOLKSWAGEN-Polo CL 1.0';1043;45;Gasolina;5600;4;376;157;135;240;780;5;145;20.3;Delantera;7.1;11.1;1165;VOLKSWAGEN
'VOLKSWAGEN-Polo CL 1.3';1272;55;Gasolina;5200;4;376;157;135;240;780;5;154;15.5;Delantera;8.4;12.3;1278;VOLKSWAGEN
'VOLKSWAGEN-Polo Classic 1.3';1272;55;Gasolina;5200;4;403;160;135;435;795;5;153;15.5;Delantera;7.4;11.7;1376;VOLKSWAGEN
'VOLKSWAGEN-Polo Classic CD 1.4';1395;50;Diesel;4500;4;403;160;135;435;820;5;141;19.5;Delantera;5.8;7.8;1347;VOLKSWAGEN
'VOLKSWAGEN-Polo Coup‚ CL 1.0';1043;45;Gasolina;5600;4;372;157;135;240;770;5;142;19.5;Delantera;7.4;11.4;1060;VOLKSWAGEN
'VOLKSWAGEN-Polo Coup‚ CL 1.3';1272;55;Gasolina;5200;4;372;157;135;240;785;5;154;15.5;Delantera;7.4;11.7;1278;VOLKSWAGEN
'VOLKSWAGEN-Polo Coup‚ GT 1.3';1272;55;Gasolina;5200;4;372;157;135;240;785;5;154;15.4;Delantera;7.4;11.7;1285;VOLKSWAGEN
'VOLKSWAGEN-Polo Fox D 1.4';1395;50;Diesel;4500;4;372;157;135;240;810;5;142;19.5;Delantera;5.8;7.8;1398;VOLKSWAGEN
'VOLKSWAGEN-Polo GT Injection 1.3';1272;80;Gasolina;6100;4;372;157;135;240;785;5;173;11.7;Delantera;7.7;12.2;1406;VOLKSWAGEN
'VOLVO-240 Polar';1986;116;Gasolina;5400;4;479;171;143;395;1250;5;180;10.7;Trasera;10;15.6;2793;VOLVO
'VOLVO-340 Plus';1721;83;Gasolina;5400;4;432;166;139;380;1090;5;165;12.4;Trasera;7.9;13;1842;VOLVO
'VOLVO-440 GL';1721;88;Gasolina;5700;4;431;168;138;330;1010;5;175;11.5;Delantera;9.1;13.9;2023;VOLVO
'VOLVO-440 GLT';1721;106;Gasolina;5800;4;431;168;138;330;1010;5;185;10.8;Delantera;9.2;14.3;2623;VOLVO
'VOLVO-440 Turbo';1721;122;Gasolina;5400;4;431;168;138;330;1065;5;200;9;Delantera;11.9;16.8;3023;VOLVO
'VOLVO-460 GLE';1721;106;Gasolina;5500;4;440;168;138;453;1017;5;185;10.4;Delantera;10.5;16;2783;VOLVO
'VOLVO-460 Turbo';1721;122;Gasolina;5400;4;440;168;138;453;1035;5;200;9;Delantera;9.9;15.4;3233;VOLVO
'VOLVO-480 ES';1721;106;Gasolina;5800;4;426;171;132;160;1010;4;190;10.5;Delantera;9;14.7;3193;VOLVO
'VOLVO-480 Turbo';1721;122;Gasolina;5400;4;426;171;132;160;1040;4;200;9;Delantera;9.3;15;3583;VOLVO
'VOLVO-740 Master II';1986;121;Gasolina;5500;4;478;175;141;500;1250;5;180;11;Trasera;10.3;16.1;3023;VOLVO
'VOLVO-745 Master II';2316;130;Gasolina;5500;4;478;175;141;500;1330;5;180;18.8;Trasera;10.5;16.1;3253;VOLVO
'VOLVO-940 GLE 16v';1986;139;Gasolina;6000;4;487;175;141;471;1550;5;200;9;Delantera;11.1;16.6;4108;VOLVO
'VOLVO-940 Turbo';2310;165;Gasolina;4800;4;487;175;141;471;1400;5;200;9;Trasera;13;19.6;4583;VOLVO
'VOLVO-960 24v';2922;204;Gasolina;6000;6;487;175;141;471;1570;5;220;8.5;Trasera;12.2;18.7;6482;VOLVO
'VOLVO-960 Turbo 16v';1986;190;Gasolina;5300;4;487;175;141;471;1570;5;205;9;Trasera;12.3;18.8;6082;VOLVO
'YUGO-45 A 4v';903;45;Gasolina;5800;4;349;154;139;270;720;5;135;21.7;Delantera;8;11.5;865;YUGO
'YUGO-55 AGL';1116;55;Gasolina;6000;4;349;154;139;270;790;5;145;19.7;Delantera;8.5;12.2;1042;YUGO
'YUGO-65 AGLS';1299;65;Gasolina;5800;4;349;154;139;270;810;5;155;17.6;Delantera;9;13.3;1167;YUGO
'YUGO-Florida';1372;70;Gasolina;6000;4;349;164;143;410;875;5;160;14.5;Delantera;9.2;13.5;1294;YUGO
